{
  "27B": {
    "model": "Qwen/Qwen3.5-27B",
    "d_model": 5120,
    "n_layers": 63,
    "their_n_prompts": 672,
    "gate_vs_our_underfit": null,
    "evals": {
      "association": {
        "j_lens": {
          "pass@1": 0.049019607843137254,
          "pass@5": 0.09803921568627451,
          "pass@10": 0.16666666666666666,
          "pass@50": 0.3431372549019608,
          "n_items": 102,
          "n_targets_skipped_multitoken": 0
        },
        "logit_lens": {
          "pass@1": 0.00980392156862745,
          "pass@5": 0.058823529411764705,
          "pass@10": 0.09803921568627451,
          "pass@50": 0.2647058823529412,
          "n_items": 102,
          "n_targets_skipped_multitoken": 0
        }
      },
      "multihop": {
        "j_lens": {
          "pass@1": 0.27380952380952384,
          "pass@5": 0.5416666666666666,
          "pass@10": 0.6607142857142857,
          "pass@50": 0.8313492063492063,
          "n_items": 93,
          "n_targets_skipped_multitoken": 9
        },
        "logit_lens": {
          "pass@1": 0.2916666666666667,
          "pass@5": 0.47619047619047616,
          "pass@10": 0.5833333333333334,
          "pass@50": 0.7777777777777777,
          "n_items": 93,
          "n_targets_skipped_multitoken": 9
        }
      },
      "multilingual": {
        "j_lens": {
          "pass@1": 0.2834890965732087,
          "pass@5": 0.4439252336448598,
          "pass@10": 0.5007788161993769,
          "pass@50": 0.7227414330218068,
          "n_items": 107,
          "n_targets_skipped_multitoken": 2
        },
        "logit_lens": {
          "pass@1": 0.24299065420560748,
          "pass@5": 0.4049844236760125,
          "pass@10": 0.49221183800623053,
          "pass@50": 0.6355140186915887,
          "n_items": 107,
          "n_targets_skipped_multitoken": 2
        }
      },
      "order-ops": {
        "j_lens": {
          "pass@1": 0.23636363636363636,
          "pass@5": 0.5363636363636364,
          "pass@10": 0.6636363636363637,
          "pass@50": 0.9181818181818182,
          "n_items": 55,
          "n_targets_skipped_multitoken": 1
        },
        "logit_lens": {
          "pass@1": 0.14545454545454545,
          "pass@5": 0.6727272727272727,
          "pass@10": 0.7272727272727273,
          "pass@50": 0.8909090909090909,
          "n_items": 55,
          "n_targets_skipped_multitoken": 1
        }
      },
      "poetry": {
        "j_lens": {
          "pass@1": 0.0,
          "pass@5": 0.02040816326530612,
          "pass@10": 0.02040816326530612,
          "pass@50": 0.11224489795918367,
          "n_items": 98,
          "n_targets_skipped_multitoken": 0
        },
        "logit_lens": {
          "pass@1": 0.0,
          "pass@5": 0.02040816326530612,
          "pass@10": 0.030612244897959183,
          "pass@50": 0.08163265306122448,
          "n_items": 98,
          "n_targets_skipped_multitoken": 0
        }
      },
      "typo": {
        "j_lens": {
          "pass@1": 0.3020833333333333,
          "pass@5": 0.4583333333333333,
          "pass@10": 0.5625,
          "pass@50": 0.8541666666666666,
          "n_items": 96,
          "n_targets_skipped_multitoken": 0
        },
        "logit_lens": {
          "pass@1": 0.3958333333333333,
          "pass@5": 0.6354166666666666,
          "pass@10": 0.71875,
          "pass@50": 0.8333333333333334,
          "n_items": 96,
          "n_targets_skipped_multitoken": 0
        }
      }
    }
  },
  "32B": {
    "model": "allenai/Olmo-3-1125-32B",
    "d_model": 5120,
    "n_layers": 63,
    "their_n_prompts": 470,
    "gate_vs_our_underfit": null,
    "evals": {
      "association": {
        "j_lens": {
          "pass@1": 0.0625,
          "pass@5": 0.16666666666666666,
          "pass@10": 0.20833333333333334,
          "pass@50": 0.4375,
          "n_items": 102,
          "n_targets_skipped_multitoken": 6
        },
        "logit_lens": {
          "pass@1": 0.08333333333333333,
          "pass@5": 0.17708333333333334,
          "pass@10": 0.19791666666666666,
          "pass@50": 0.4270833333333333,
          "n_items": 102,
          "n_targets_skipped_multitoken": 6
        }
      },
      "multihop": {
        "j_lens": {
          "pass@1": 0.3763440860215054,
          "pass@5": 0.5806451612903226,
          "pass@10": 0.6810035842293907,
          "pass@50": 0.8960573476702508,
          "n_items": 93,
          "n_targets_skipped_multitoken": 0
        },
        "logit_lens": {
          "pass@1": 0.3870967741935484,
          "pass@5": 0.6003584229390682,
          "pass@10": 0.7025089605734767,
          "pass@50": 0.8637992831541218,
          "n_items": 93,
          "n_targets_skipped_multitoken": 0
        }
      },
      "multilingual": {
        "j_lens": {
          "pass@1": 0.2570093457943925,
          "pass@5": 0.39330218068535827,
          "pass@10": 0.4478193146417445,
          "pass@50": 0.616822429906542,
          "n_items": 107,
          "n_targets_skipped_multitoken": 14
        },
        "logit_lens": {
          "pass@1": 0.29750778816199375,
          "pass@5": 0.4696261682242991,
          "pass@10": 0.5498442367601246,
          "pass@50": 0.6931464174454829,
          "n_items": 107,
          "n_targets_skipped_multitoken": 14
        }
      },
      "order-ops": {
        "j_lens": {
          "pass@1": 0.2909090909090909,
          "pass@5": 0.5909090909090909,
          "pass@10": 0.7454545454545455,
          "pass@50": 0.8727272727272727,
          "n_items": 55,
          "n_targets_skipped_multitoken": 0
        },
        "logit_lens": {
          "pass@1": 0.35454545454545455,
          "pass@5": 0.6363636363636364,
          "pass@10": 0.7818181818181819,
          "pass@50": 0.9181818181818182,
          "n_items": 55,
          "n_targets_skipped_multitoken": 0
        }
      },
      "poetry": {
        "j_lens": {
          "pass@1": 0.02040816326530612,
          "pass@5": 0.05102040816326531,
          "pass@10": 0.061224489795918366,
          "pass@50": 0.1326530612244898,
          "n_items": 98,
          "n_targets_skipped_multitoken": 0
        },
        "logit_lens": {
          "pass@1": 0.01020408163265306,
          "pass@5": 0.030612244897959183,
          "pass@10": 0.05102040816326531,
          "pass@50": 0.15306122448979592,
          "n_items": 98,
          "n_targets_skipped_multitoken": 0
        }
      },
      "typo": {
        "j_lens": {
          "pass@1": 0.21875,
          "pass@5": 0.4166666666666667,
          "pass@10": 0.5416666666666666,
          "pass@50": 0.7916666666666666,
          "n_items": 96,
          "n_targets_skipped_multitoken": 0
        },
        "logit_lens": {
          "pass@1": 0.34375,
          "pass@5": 0.6145833333333334,
          "pass@10": 0.6875,
          "pass@50": 0.8229166666666666,
          "n_items": 96,
          "n_targets_skipped_multitoken": 0
        }
      }
    }
  }
}