{
  "model": "allenai/Olmo-3-1125-32B",
  "d_model": 5120,
  "n_layers": 63,
  "their_n_prompts": 470,
  "gate_vs_our_underfit": null,
  "evals": {
    "association": {
      "j_lens": {
        "pass@1": 0.0625,
        "pass@5": 0.16666666666666666,
        "pass@10": 0.20833333333333334,
        "pass@50": 0.4375,
        "n_items": 102,
        "n_targets_skipped_multitoken": 6
      },
      "logit_lens": {
        "pass@1": 0.08333333333333333,
        "pass@5": 0.17708333333333334,
        "pass@10": 0.19791666666666666,
        "pass@50": 0.4270833333333333,
        "n_items": 102,
        "n_targets_skipped_multitoken": 6
      }
    },
    "multihop": {
      "j_lens": {
        "pass@1": 0.3763440860215054,
        "pass@5": 0.5806451612903226,
        "pass@10": 0.6810035842293907,
        "pass@50": 0.8960573476702508,
        "n_items": 93,
        "n_targets_skipped_multitoken": 0
      },
      "logit_lens": {
        "pass@1": 0.3870967741935484,
        "pass@5": 0.6003584229390682,
        "pass@10": 0.7025089605734767,
        "pass@50": 0.8637992831541218,
        "n_items": 93,
        "n_targets_skipped_multitoken": 0
      }
    },
    "multilingual": {
      "j_lens": {
        "pass@1": 0.2570093457943925,
        "pass@5": 0.39330218068535827,
        "pass@10": 0.4478193146417445,
        "pass@50": 0.616822429906542,
        "n_items": 107,
        "n_targets_skipped_multitoken": 14
      },
      "logit_lens": {
        "pass@1": 0.29750778816199375,
        "pass@5": 0.4696261682242991,
        "pass@10": 0.5498442367601246,
        "pass@50": 0.6931464174454829,
        "n_items": 107,
        "n_targets_skipped_multitoken": 14
      }
    },
    "order-ops": {
      "j_lens": {
        "pass@1": 0.2909090909090909,
        "pass@5": 0.5909090909090909,
        "pass@10": 0.7454545454545455,
        "pass@50": 0.8727272727272727,
        "n_items": 55,
        "n_targets_skipped_multitoken": 0
      },
      "logit_lens": {
        "pass@1": 0.35454545454545455,
        "pass@5": 0.6363636363636364,
        "pass@10": 0.7818181818181819,
        "pass@50": 0.9181818181818182,
        "n_items": 55,
        "n_targets_skipped_multitoken": 0
      }
    },
    "poetry": {
      "j_lens": {
        "pass@1": 0.02040816326530612,
        "pass@5": 0.05102040816326531,
        "pass@10": 0.061224489795918366,
        "pass@50": 0.1326530612244898,
        "n_items": 98,
        "n_targets_skipped_multitoken": 0
      },
      "logit_lens": {
        "pass@1": 0.01020408163265306,
        "pass@5": 0.030612244897959183,
        "pass@10": 0.05102040816326531,
        "pass@50": 0.15306122448979592,
        "n_items": 98,
        "n_targets_skipped_multitoken": 0
      }
    },
    "typo": {
      "j_lens": {
        "pass@1": 0.21875,
        "pass@5": 0.4166666666666667,
        "pass@10": 0.5416666666666666,
        "pass@50": 0.7916666666666666,
        "n_items": 96,
        "n_targets_skipped_multitoken": 0
      },
      "logit_lens": {
        "pass@1": 0.34375,
        "pass@5": 0.6145833333333334,
        "pass@10": 0.6875,
        "pass@50": 0.8229166666666666,
        "n_items": 96,
        "n_targets_skipped_multitoken": 0
      }
    }
  }
}