{
  "model": "Qwen/Qwen3-14B",
  "d_model": 5120,
  "n_layers": 39,
  "their_n_prompts": 615,
  "gate_vs_our_underfit": null,
  "evals": {
    "association": {
      "j_lens": {
        "pass@1": 0.04040404040404041,
        "pass@5": 0.0707070707070707,
        "pass@10": 0.09090909090909091,
        "pass@50": 0.2222222222222222,
        "n_items": 102,
        "n_targets_skipped_multitoken": 3
      },
      "logit_lens": {
        "pass@1": 0.010101010101010102,
        "pass@5": 0.08080808080808081,
        "pass@10": 0.09090909090909091,
        "pass@50": 0.20202020202020202,
        "n_items": 102,
        "n_targets_skipped_multitoken": 3
      }
    },
    "multihop": {
      "j_lens": {
        "pass@1": 0.16666666666666666,
        "pass@5": 0.4107142857142857,
        "pass@10": 0.628968253968254,
        "pass@50": 0.7936507936507937,
        "n_items": 93,
        "n_targets_skipped_multitoken": 9
      },
      "logit_lens": {
        "pass@1": 0.16071428571428573,
        "pass@5": 0.40476190476190477,
        "pass@10": 0.5218253968253969,
        "pass@50": 0.7341269841269841,
        "n_items": 93,
        "n_targets_skipped_multitoken": 9
      }
    },
    "multilingual": {
      "j_lens": {
        "pass@1": 0.21573208722741433,
        "pass@5": 0.3816199376947041,
        "pass@10": 0.45482866043613707,
        "pass@50": 0.5848909657320872,
        "n_items": 107,
        "n_targets_skipped_multitoken": 14
      },
      "logit_lens": {
        "pass@1": 0.15498442367601245,
        "pass@5": 0.3559190031152648,
        "pass@10": 0.41043613707165105,
        "pass@50": 0.5459501557632399,
        "n_items": 107,
        "n_targets_skipped_multitoken": 14
      }
    },
    "order-ops": {
      "j_lens": {
        "pass@1": 0.07272727272727272,
        "pass@5": 0.23636363636363636,
        "pass@10": 0.35454545454545455,
        "pass@50": 0.7090909090909091,
        "n_items": 55,
        "n_targets_skipped_multitoken": 1
      },
      "logit_lens": {
        "pass@1": 0.02727272727272727,
        "pass@5": 0.19090909090909092,
        "pass@10": 0.2909090909090909,
        "pass@50": 0.5636363636363636,
        "n_items": 55,
        "n_targets_skipped_multitoken": 1
      }
    },
    "poetry": {
      "j_lens": {
        "pass@1": 0.02040816326530612,
        "pass@5": 0.04081632653061224,
        "pass@10": 0.04081632653061224,
        "pass@50": 0.09183673469387756,
        "n_items": 98,
        "n_targets_skipped_multitoken": 0
      },
      "logit_lens": {
        "pass@1": 0.0,
        "pass@5": 0.030612244897959183,
        "pass@10": 0.04081632653061224,
        "pass@50": 0.11224489795918367,
        "n_items": 98,
        "n_targets_skipped_multitoken": 0
      }
    },
    "typo": {
      "j_lens": {
        "pass@1": 0.020833333333333332,
        "pass@5": 0.16666666666666666,
        "pass@10": 0.23958333333333334,
        "pass@50": 0.5,
        "n_items": 96,
        "n_targets_skipped_multitoken": 0
      },
      "logit_lens": {
        "pass@1": 0.16666666666666666,
        "pass@5": 0.3645833333333333,
        "pass@10": 0.4375,
        "pass@50": 0.7083333333333334,
        "n_items": 96,
        "n_targets_skipped_multitoken": 0
      }
    }
  }
}