{"model": "openai/gpt-oss-20b", "n_layers": 23, "d_model": 2880, "lens_n_prompts": 457, "cka_full": [[1.0, 0.9944537281990051, 0.9918233752250671, 0.9909831285476685, 0.9877853989601135, 0.9786635637283325, 0.9697450399398804, 0.9392725825309753, 0.9196228384971619, 0.9426742196083069, 0.9266406893730164, 0.9203715324401855, 0.9000114798545837, 0.8311513662338257, 0.7769355177879333, 0.6570659875869751, 0.6106566190719604, 0.5545518398284912, 0.5676522254943848, 0.5815359950065613, 0.7033457159996033, 0.7272430658340454, 0.732489824295044], [0.9944537281990051, 1.0, 0.9994446039199829, 0.9981122016906738, 0.9965184926986694, 0.9904471039772034, 0.9841034412384033, 0.9578076601028442, 0.9397599697113037, 0.9550755023956299, 0.9357675313949585, 0.9253116846084595, 0.9024450182914734, 0.8305972814559937, 0.7773033380508423, 0.6543599963188171, 0.6065318584442139, 0.542911171913147, 0.5679488778114319, 0.5852258205413818, 0.7124889492988586, 0.7390512228012085, 0.7532958388328552], [0.9918233752250671, 0.9994446039199829, 1.0, 0.9981226921081543, 0.9968822002410889, 0.9910827875137329, 0.9853494763374329, 0.9598943591117859, 0.9420426487922668, 0.95522141456604, 0.9346233606338501, 0.9226358532905579, 0.8989751935005188, 0.8256780505180359, 0.7724784016609192, 0.648623526096344, 0.6001663208007812, 0.534653902053833, 0.5623765587806702, 0.5813801884651184, 0.7108314037322998, 0.7368282079696655, 0.7534931302070618], [0.9909831285476685, 0.9981122016906738, 0.9981226921081543, 1.0, 0.9993715882301331, 0.9934154152870178, 0.9864669442176819, 0.958340585231781, 0.9393249750137329, 0.9540688991546631, 0.9328213930130005, 0.9215088486671448, 0.8968868851661682, 0.8222654461860657, 0.7665450572967529, 0.6396166682243347, 0.5908086895942688, 0.5274037718772888, 0.5516993999481201, 0.5693508386611938, 0.7020474076271057, 0.7316025495529175, 0.7500703930854797], [0.9877853989601135, 0.9965184926986694, 0.9968822002410889, 0.9993715882301331, 1.0, 0.9961596131324768, 0.9902845025062561, 0.964530885219574, 0.9464610815048218, 0.9594865441322327, 0.9383130073547363, 0.9261903762817383, 0.9014185070991516, 0.8276438117027283, 0.7727260589599609, 0.6451447010040283, 0.5964341759681702, 0.5318607091903687, 0.5571269989013672, 0.5750423073768616, 0.7099927067756653, 0.7409682273864746, 0.761002242565155], [0.9786635637283325, 0.9904471039772034, 0.9910827875137329, 0.9934154152870178, 0.9961596131324768, 1.0, 0.9981433153152466, 0.9821344614028931, 0.9687597751617432, 0.9750679135322571, 0.9551641941070557, 0.9406841397285461, 0.9163374304771423, 0.8473857641220093, 0.7969191670417786, 0.6694658398628235, 0.6226205229759216, 0.5531005263328552, 0.5821450352668762, 0.6006456017494202, 0.7423133850097656, 0.7769735455513, 0.8031234741210938], [0.9697450399398804, 0.9841034412384033, 0.9853494763374329, 0.9864669442176819, 0.9902845025062561, 0.9981433153152466, 1.0, 0.9913797378540039, 0.9813084006309509, 0.9834968447685242, 0.9647179245948792, 0.9486014246940613, 0.9250641465187073, 0.8596309423446655, 0.8132416009902954, 0.6884110569953918, 0.6429588198661804, 0.5698740482330322, 0.6030302047729492, 0.6218666434288025, 0.7638407945632935, 0.7982071042060852, 0.8256247639656067], [0.9392725825309753, 0.9578076601028442, 0.9598943591117859, 0.958340585231781, 0.964530885219574, 0.9821344614028931, 0.9913797378540039, 1.0, 0.9979522228240967, 0.990576982498169, 0.9755173921585083, 0.956381618976593, 0.9355180859565735, 0.8802932500839233, 0.8442866802215576, 0.7272383570671082, 0.6857147812843323, 0.6057571172714233, 0.6470131874084473, 0.6658509373664856, 0.8065286874771118, 0.8409985899925232, 0.8719225525856018], [0.9196228384971619, 0.9397599697113037, 0.9420426487922668, 0.9393249750137329, 0.9464610815048218, 0.9687597751617432, 0.9813084006309509, 0.9979522228240967, 1.0, 0.988050639629364, 0.9749958515167236, 0.95468670129776, 0.9352439641952515, 0.8853961825370789, 0.8544295430183411, 0.7415152788162231, 0.7023627758026123, 0.6198471784591675, 0.6640610098838806, 0.6824620962142944, 0.822445273399353, 0.857740044593811, 0.8905496001243591], [0.9426742196083069, 0.9550755023956299, 0.95522141456604, 0.9540688991546631, 0.9594865441322327, 0.9750679135322571, 0.9834968447685242, 0.990576982498169, 0.988050639629364, 1.0, 0.9956459999084473, 0.9863446950912476, 0.9732043743133545, 0.931655764579773, 0.8993661999702454, 0.7979554533958435, 0.7600178718566895, 0.69451504945755, 0.7168578505516052, 0.7215454578399658, 0.8256553411483765, 0.85301274061203, 0.8596204519271851], [0.9266406893730164, 0.9357675313949585, 0.9346233606338501, 0.9328213930130005, 0.9383130073547363, 0.9551641941070557, 0.9647179245948792, 0.9755173921585083, 0.9749958515167236, 0.9956459999084473, 1.0, 0.9966886639595032, 0.9898305535316467, 0.9610884189605713, 0.9349637627601624, 0.8477166891098022, 0.8139449954032898, 0.7560104727745056, 0.7690749764442444, 0.7648302316665649, 0.8446569442749023, 0.8670173287391663, 0.8591529726982117], [0.9203715324401855, 0.9253116846084595, 0.9226358532905579, 0.9215088486671448, 0.9261903762817383, 0.9406841397285461, 0.9486014246940613, 0.956381618976593, 0.95468670129776, 0.9863446950912476, 0.9966886639595032, 1.0, 0.9975024461746216, 0.9760992527008057, 0.951185941696167, 0.8729003071784973, 0.8414809107780457, 0.7930864691734314, 0.7939257621765137, 0.7814785838127136, 0.8410617113113403, 0.8594551086425781, 0.8382410407066345], [0.9000114798545837, 0.9024450182914734, 0.8989751935005188, 0.8968868851661682, 0.9014185070991516, 0.9163374304771423, 0.9250641465187073, 0.9355180859565735, 0.9352439641952515, 0.9732043743133545, 0.9898305535316467, 0.9975024461746216, 1.0, 0.9881707429885864, 0.9685430526733398, 0.9025146961212158, 0.8742983341217041, 0.831591010093689, 0.8268915414810181, 0.8083459734916687, 0.8474076390266418, 0.8608094453811646, 0.8279671669006348], [0.8311513662338257, 0.8305972814559937, 0.8256780505180359, 0.8222654461860657, 0.8276438117027283, 0.8473857641220093, 0.8596309423446655, 0.8802932500839233, 0.8853961825370789, 0.931655764579773, 0.9610884189605713, 0.9760992527008057, 0.9881707429885864, 1.0, 0.9937661290168762, 0.9536088109016418, 0.9342876076698303, 0.9023122787475586, 0.8871288895606995, 0.8559340834617615, 0.8568395972251892, 0.862055778503418, 0.8116087317466736], [0.7769355177879333, 0.7773033380508423, 0.7724784016609192, 0.7665450572967529, 0.7727260589599609, 0.7969191670417786, 0.8132416009902954, 0.8442866802215576, 0.8544295430183411, 0.8993661999702454, 0.9349637627601624, 0.951185941696167, 0.9685430526733398, 0.9937661290168762, 1.0, 0.9782882928848267, 0.9644335508346558, 0.9323487281799316, 0.9242393374443054, 0.889899730682373, 0.8666200637817383, 0.864687442779541, 0.8074009418487549], [0.6570659875869751, 0.6543599963188171, 0.648623526096344, 0.6396166682243347, 0.6451447010040283, 0.6694658398628235, 0.6884110569953918, 0.7272383570671082, 0.7415152788162231, 0.7979554533958435, 0.8477166891098022, 0.8729003071784973, 0.9025146961212158, 0.9536088109016418, 0.9782882928848267, 1.0, 0.9963412284851074, 0.9776614308357239, 0.9694824814796448, 0.9223126769065857, 0.8307644128799438, 0.8099429607391357, 0.7264613509178162], [0.6106566190719604, 0.6065318584442139, 0.6001663208007812, 0.5908086895942688, 0.5964341759681702, 0.6226205229759216, 0.6429588198661804, 0.6857147812843323, 0.7023627758026123, 0.7600178718566895, 0.8139449954032898, 0.8414809107780457, 0.8742983341217041, 0.9342876076698303, 0.9644335508346558, 0.9963412284851074, 1.0, 0.9860216975212097, 0.9749664664268494, 0.925995945930481, 0.8221919536590576, 0.7981590032577515, 0.7078756093978882], [0.5545518398284912, 0.542911171913147, 0.534653902053833, 0.5274037718772888, 0.5318607091903687, 0.5531005263328552, 0.5698740482330322, 0.6057571172714233, 0.6198471784591675, 0.69451504945755, 0.7560104727745056, 0.7930864691734314, 0.831591010093689, 0.9023122787475586, 0.9323487281799316, 0.9776614308357239, 0.9860216975212097, 1.0, 