{
  "qwen3-1.7b": {
    "real": 0.1164881675874686,
    "null": 0.09152311160240645,
    "excess": 0.024965055985062157,
    "verdict": "marginal"
  },
  "qwen3-4b": {
    "real": 0.0775238590263847,
    "null": 0.06178908320880072,
    "excess": 0.01573477581758398,
    "verdict": "NO BLOCKS -- pure drift"
  },
  "olmo-3-7b": {
    "real": 0.18386000988223483,
    "null": 0.1537725759072467,
    "excess": 0.030087433974988143,
    "verdict": "marginal"
  },
  "qwen3-8b": {
    "real": 0.2825633185539237,
    "null": 0.24932484400684418,
    "excess": 0.03323847454707951,
    "verdict": "marginal"
  },
  "gpt-oss-20b": {
    "real": 0.20957775248402233,
    "null": 0.1565434648002425,
    "excess": 0.053034287683779824,
    "verdict": "real blocks"
  },
  "qwen3-14b": {
    "real": 0.29336011397778694,
    "null": 0.26730860572829995,
    "excess": 0.026051508249486988,
    "verdict": "marginal"
  },
  "qwen3.5-27b": {
    "real": 0.26704853101726866,
    "null": 0.21712469099510467,
    "excess": 0.04992384002216399,
    "verdict": "marginal"
  }
}