{"model": "allenai/Olmo-3-1025-7B", "n_layers": 31, "d_model": 4096, "lens_n_prompts": 616, "cka_full": [[1.0, 0.9997004866600037, 0.9996734261512756, 0.9989628791809082, 0.9975636005401611, 0.9964292645454407, 0.9915464520454407, 0.9908992052078247, 0.9850814938545227, 0.9750862121582031, 0.9725577235221863, 0.9649350047111511, 0.9558925628662109, 0.954997718334198, 0.9473024606704712, 0.9289553165435791, 0.9159656167030334, 0.9062722325325012, 0.8500955700874329, 0.8088117837905884, 0.7768599987030029, 0.7547630667686462, 0.7219414710998535, 0.7157808542251587, 0.705064594745636, 0.684762179851532, 0.690498948097229, 0.6942943334579468, 0.6731111407279968, 0.6487521529197693, 0.4648435413837433], [0.9997004866600037, 1.0, 0.9998209476470947, 0.9988077282905579, 0.9974066615104675, 0.996474027633667, 0.9910711646080017, 0.9904997944831848, 0.9840317368507385, 0.9730077385902405, 0.9703536629676819, 0.9623607397079468, 0.9528318047523499, 0.9522839784622192, 0.9446392059326172, 0.9262509942054749, 0.9132745265960693, 0.9029775261878967, 0.8477416038513184, 0.8067649602890015, 0.7748017907142639, 0.7526573538780212, 0.7199057340621948, 0.7137551307678223, 0.7031419277191162, 0.6826117634773254, 0.68831866979599, 0.6918951272964478, 0.6702919602394104, 0.6454455852508545, 0.46259450912475586], [0.9996734261512756, 0.9998209476470947, 1.0, 0.9991709589958191, 0.9979797601699829, 0.9968246221542358, 0.9917115569114685, 0.9911141991615295, 0.985016405582428, 0.9743906855583191, 0.9714820981025696, 0.9633557200431824, 0.9541335105895996, 0.9532217383384705, 0.945678174495697, 0.9272065758705139, 0.914359450340271, 0.9042173027992249, 0.8488829135894775, 0.8078296184539795, 0.7758700847625732, 0.7536699175834656, 0.7208899855613708, 0.7147149443626404, 0.7040557265281677, 0.6835174560546875, 0.6892188787460327, 0.6930391192436218, 0.6715774536132812, 0.6471905708312988, 0.4639381468296051], [0.9989628791809082, 0.9988077282905579, 0.9991709589958191, 1.0, 0.9990774393081665, 0.9974858164787292, 0.9940010905265808, 0.9935740828514099, 0.989565372467041, 0.980952262878418, 0.9780779480934143, 0.9705583453178406, 0.9624752402305603, 0.9609536528587341, 0.9533283710479736, 0.9346367716789246, 0.9215878844261169, 0.9118984341621399, 0.8553512096405029, 0.8142155408859253, 0.7821820378303528, 0.7599021196365356, 0.7268555164337158, 0.7208859920501709, 0.7099876999855042, 0.6895447969436646, 0.6953752040863037, 0.6992655992507935, 0.6780994534492493, 0.6529985666275024, 0.46788954734802246], [0.9975636005401611, 0.9974066615104675, 0.9979797601699829, 0.9990774393081665, 1.0, 0.9989783763885498, 0.9966378808021545, 0.9961940050125122, 0.9925596117973328, 0.9843314290046692, 0.9811900854110718, 0.9735105037689209, 0.9659753441810608, 0.9645712971687317, 0.9579122066497803, 0.9399325251579285, 0.9273719191551208, 0.9174478054046631, 0.8630810379981995, 0.8227404356002808, 0.7908843755722046, 0.7685006260871887, 0.7355339527130127, 0.729485034942627, 0.7183699011802673, 0.6973400115966797, 0.703072190284729, 0.7072349190711975, 0.6856462359428406, 0.6600956916809082, 0.47468358278274536], [0.9964292645454407, 0.996474027633667, 0.9968246221542358, 0.9974858164787292, 0.9989783763885498, 1.0, 0.9981456398963928, 0.9977139830589294, 0.9931338429450989, 0.9841233491897583, 0.9819010496139526, 0.974848210811615, 0.9666385054588318, 0.9667891263961792, 0.9611567258834839, 0.9446578621864319, 0.9327382445335388, 0.9220430850982666, 0.8709855079650879, 0.8317545652389526, 0.800098717212677, 0.7774674892425537, 0.7447963953018188, 0.7387493252754211, 0.7276902198791504, 0.7057458162307739, 0.7113414406776428, 0.715452253818512, 0.6926883459091187, 0.6653990149497986, 0.4805704355239868], [0.9915464520454407, 0.9910711646080017, 0.9917115569114685, 0.9940010905265808, 0.9966378808021545, 0.9981456398963928, 1.0, 0.9997860193252563, 0.9975321888923645, 0.9910536408424377, 0.9892984628677368, 0.9831094145774841, 0.9764476418495178, 0.976548969745636, 0.9719379544258118, 0.9562388062477112, 0.9447337985038757, 0.9340560436248779, 0.8841674327850342, 0.8456632494926453, 0.8141964077949524, 0.79142165184021, 0.7588735222816467, 0.7528305053710938, 0.7414730787277222, 0.7191311717033386, 0.7246318459510803, 0.7290321588516235, 0.706114649772644, 0.6766461730003357, 0.4897634983062744], [0.9908992052078247, 0.9904997944831848, 0.9911141991615295, 0.9935740828514099, 0.9961940050125122, 0.9977139830589294, 0.9997860193252563, 1.0, 0.9978250861167908, 0.9914571642875671, 0.9896453022956848, 0.9835115671157837, 0.9768613576889038, 0.9769394397735596, 0.9723193049430847, 0.9566317796707153, 0.9451742768287659, 0.93442702293396, 0.8845267295837402, 0.8461389541625977, 0.8146840333938599, 0.7919553518295288, 0.7593581080436707, 0.7533659338951111, 0.742016613483429, 0.7196505665779114, 0.7251127362251282, 0.7294004559516907, 0.7065425515174866, 0.6765580773353577, 0.4894263744354248], [0.9850814938545227, 0.9840317368507385, 0.985016405582428, 0.989565372467041, 0.9925596117973328, 0.9931338429450989, 0.9975321888923645, 0.9978250861167908, 1.0, 0.99750816822052, 0.9957420229911804, 0.9907813668251038, 0.9861728549003601, 0.9852555990219116, 0.9807485938072205, 0.9659140706062317, 0.9542961716651917, 0.9449161887168884, 0.8938852548599243, 0.8555455207824707, 0.8244182467460632, 0.8021387457847595, 0.7696452736854553, 0.7637180089950562, 0.7519413232803345, 0.7302905917167664, 0.736022412776947, 0.7405082583427429, 0.7186201810836792, 0.6874542236328125, 0.49858975410461426], [0.9750862121582031, 0.9730077385902405, 0.9743906855583191, 0.980952262878418, 0.9843314290046692, 0.9841233491897583, 0.9910536408424377, 0.9914571642875671, 0.99750816822052, 1.0, 0.9982690215110779, 0.9949144721031189, 0.9925745725631714, 0.9902300238609314, 0.9857826232910156, 0.9715307354927063, 0.9597722291946411, 0.9522073268890381, 0.8992166519165039, 0.8607436418533325, 0.830039918422699, 0.8081696629524231, 0.7757440209388733, 0.7700444459915161, 0.757937490940094, 0.73714280128479, 0.7429882884025574, 0.7478596568107605, 0.7272042632102966, 0.6960003972053528, 0.5054523348808289], [0.9725577235221863, 0.9703536629676819, 0.9714820981025696, 0.9780779480934143, 0.9811900854110718, 0.9819010496139526, 0.9892984628677368, 0.9896453022956848, 0.9957420229911804, 0.9982690215110779, 1.0, 0.9983596801757812, 0.9956586360931396, 0.9948132634162903, 0.9909378886222839, 0.9782676696777344, 0.9673272967338562, 0.9597328305244446, 0.9086872339248657, 0.871265172958374, 0.8409321904182434, 0.819240152835846, 0.7871435284614563, 0.7813745141029358, 0.7694242000579834, 0.74863201379776, 0.7545427083969116, 0.7593011856079102, 0.7384412884712219, 0.7054826021194458, 0.514739453792572], [0.9649350047111511, 0.9623607397079468, 0.9633557200431824, 0.9705583453178406, 0.9735105037689209, 0.974848210811615, 0.9831094145774841, 0.9835115671157837, 0.9907813668251038, 0.9949144721031189, 0.9983596801757812, 1.0, 0.9976155757904053, 0.9974865317344666, 0.9940126538276672, 0.9834210276603699, 0.9732779860496521, 0.9666219353675842, 0.916837751865387, 0.8803471326828003, 0.8506678342819214, 0.8294488191604614, 0.7976574301719666, 0.791928231716156, 0.7800188660621643, 0.759535551071167, 0.7655249238014221, 0.7700546383857727, 0.7497029304504395, 0.7152170538902283, 0.5245550870895386], [0.9558925628662109, 0.9528318047523499, 0.9541335105895996, 0.9624752402305603, 0.9659753441810608, 0.9666385054588318, 0.9764476418495178, 0.9768613576889038, 0.9861728549003601, 0.9925745725631714, 0.9956586360931396, 0.9976155757904053, 1.0, 0.9977912902832031, 0.9947775602340698, 0.9835774302482605, 0.9734956622123718, 0.9678729176521301, 0.9168452620506287, 0.8798540830612183, 0.8502482175827026, 0.8294006586074829, 0.7978309988975525, 0.7919356822967529, 0.7795941233634949, 0.7597429752349854, 0.7655806541442871, 0.7706965804100037, 0.7515883445739746, 0.7172083854675293, 0.5248336791992188], [0.954997718334198, 0.9522839784622192, 