{"model": "EleutherAI/pythia-70m-deduped", "n_layers": 5, "d_model": 512, "lens_n_prompts": 1000, "cka_full": [[1.0, 0.9998043775558472, 0.9994861483573914, 0.9994139075279236, 0.9990079998970032], [0.9998043775558472, 1.0, 0.9997627139091492, 0.9996276497840881, 0.999296247959137], [0.9994861483573914, 0.9997627139091492, 1.0, 0.9997910857200623, 0.9993569254875183], [0.9994139075279236, 0.9996276497840881, 0.9997910857200623, 1.0, 0.9997658729553223], [0.9990079998970032, 0.999296247959137, 0.9993569254875183, 0.9997658729553223, 1.0]], "blockiness_full": NaN, "cuts_full": null, "blockiness_subsampled": NaN, "cuts_subsampled": null, "n_subsampled": 5, "inflation": null}