{"model": "Qwen/Qwen3-1.7B", "n_layers": 27, "d_model": 2048, "lens_n_prompts": 466, "cka_full": [[1.0, 0.9976069927215576, 0.9919869899749756, 0.9159650802612305, 0.89964359998703, 0.8867984414100647, 0.8591324090957642, 0.8429558873176575, 0.8448394536972046, 0.8501638770103455, 0.8475730419158936, 0.8350871801376343, 0.8326928019523621, 0.8297562003135681, 0.8218384981155396, 0.8372476696968079, 0.8297857046127319, 0.8354939222335815, 0.8329485058784485, 0.7908186912536621, 0.7940084338188171, 0.7841261029243469, 0.7660033106803894, 0.7685185670852661, 0.7326194643974304, 0.7337377667427063, 0.5258162021636963], [0.9976069927215576, 1.0, 0.9970511794090271, 0.9247933030128479, 0.9104942083358765, 0.901125967502594, 0.874675452709198, 0.8588414788246155, 0.8602595925331116, 0.8650596141815186, 0.8596044182777405, 0.8505969643592834, 0.8482548594474792, 0.8450177907943726, 0.8384648561477661, 0.8509661555290222, 0.8440638780593872, 0.8484175801277161, 0.8436574339866638, 0.7984165549278259, 0.799759030342102, 0.7904179692268372, 0.7705201506614685, 0.7730367183685303, 0.7379216551780701, 0.7404420375823975, 0.5335099697113037], [0.9919869899749756, 0.9970511794090271, 1.0, 0.9414128661155701, 0.9298664927482605, 0.9244875311851501, 0.9013258218765259, 0.8876053094863892, 0.8881068825721741, 0.8919045329093933, 0.883326530456543, 0.877444326877594, 0.8756640553474426, 0.8721883296966553, 0.8671184778213501, 0.8769543170928955, 0.8695785999298096, 0.8719860315322876, 0.8641839623451233, 0.8170347809791565, 0.8158221244812012, 0.8072115778923035, 0.7858103513717651, 0.7882630825042725, 0.754165530204773, 0.757422685623169, 0.5511016845703125], [0.9159650802612305, 0.9247933030128479, 0.9414128661155701, 1.0, 0.9977967739105225, 0.9912253618240356, 0.9838458299636841, 0.975697934627533, 0.9795278906822205, 0.978173553943634, 0.9725333452224731, 0.9680953621864319, 0.9656966924667358, 0.9616142511367798, 0.9615173935890198, 0.9653646945953369, 0.9529726505279541, 0.9489078521728516, 0.9397444128990173, 0.8967216610908508, 0.889099657535553, 0.8797078728675842, 0.8547679781913757, 0.8567326068878174, 0.8285148739814758, 0.8255974054336548, 0.6315898299217224], [0.89964359998703, 0.9104942083358765, 0.9298664927482605, 0.9977967739105225, 1.0, 0.995993435382843, 0.991260826587677, 0.9842687845230103, 0.9878552556037903, 0.9857701063156128, 0.9786921143531799, 0.9765186309814453, 0.9742274284362793, 0.970116138458252, 0.970930278301239, 0.9725375771522522, 0.9602111577987671, 0.9546476602554321, 0.9436525106430054, 0.9004181027412415, 0.890466570854187, 0.8814809918403625, 0.8554478287696838, 0.8573397994041443, 0.8306465148925781, 0.8282319903373718, 0.6378750205039978], [0.8867984414100647, 0.901125967502594, 0.9244875311851501, 0.9912253618240356, 0.995993435382843, 1.0, 0.9973739981651306, 0.9924243092536926, 0.9934907555580139, 0.9906573295593262, 0.9782760739326477, 0.9813089966773987, 0.9799728393554688, 0.9755221009254456, 0.9768283367156982, 0.975020706653595, 0.9637594223022461, 0.9560684561729431, 0.9417837262153625, 0.8958885669708252, 0.8831309080123901, 0.8751919865608215, 0.848141610622406, 0.8499687314033508, 0.8238725066184998, 0.8248952031135559, 0.6348833441734314], [0.8591324090957642, 0.874675452709198, 0.9013258218765259, 0.9838458299636841, 0.991260826587677, 0.9973739981651306, 1.0, 0.9969958662986755, 0.9974235892295837, 0.9942421317100525, 0.9807329177856445, 0.9852198362350464, 0.9846803545951843, 0.9804109930992126, 0.9819038510322571, 0.9786339402198792, 0.9670118093490601, 0.9582416415214539, 0.9421483874320984, 0.8973305225372314, 0.8830124139785767, 0.8753709197044373, 0.847873330116272, 0.8495792150497437, 0.8250336050987244, 0.8255237936973572, 0.6378952860832214], [0.8429558873176575, 0.8588414788246155, 0.8876053094863892, 0.975697934627533, 0.9842687845230103, 0.9924243092536926, 0.9969958662986755, 1.0, 0.9968447685241699, 0.9919794797897339, 0.9743300676345825, 0.9798040986061096, 0.9801461100578308, 0.9749351143836975, 0.9788976907730103, 0.9739637970924377, 0.9631396532058716, 0.9535624384880066, 0.936523973941803, 0.8917266726493835, 0.8763239979743958, 0.8685054779052734, 0.8405325412750244, 0.8423283696174622, 0.8192406296730042, 0.8200544118881226, 0.6382039785385132], [0.8448394536972046, 0.8602595925331116, 0.8881068825721741, 0.9795278906822205, 0.9878552556037903, 0.9934907555580139, 0.9974235892295837, 0.9968447685241699, 1.0, 0.9969192147254944, 0.9849684238433838, 0.9889816641807556, 0.9888455271720886, 0.9847524762153625, 0.9885402917861938, 0.98459392786026, 0.9728808999061584, 0.9641040563583374, 0.9479286074638367, 0.9052282571792603, 0.8886947631835938, 0.8811444640159607, 0.8530425429344177, 0.8548271059989929, 0.831627607345581, 0.8319674134254456, 0.6514968276023865], [0.8501638770103455, 0.8650596141815186, 0.8919045329093933, 0.978173553943634, 0.9857701063156128, 0.9906573295593262, 0.9942421317100525, 0.9919794797897339, 0.9969192147254944, 1.0, 0.9917914867401123, 0.9935066103935242, 0.9936619400978088, 0.9909812808036804, 0.9913951754570007, 0.9897357225418091, 0.9802254438400269, 0.9728212952613831, 0.9574395418167114, 0.9168552756309509, 0.9006429314613342, 0.8924592733383179, 0.8647531867027283, 0.8662760853767395, 0.8409647941589355, 0.8407642841339111, 0.6510154604911804], [0.8475730419158936, 0.8596044182777405, 0.883326530456543, 0.9725333452224731, 0.9786921143531799, 0.9782760739326477, 0.9807329177856445, 0.9743300676345825, 0.9849684238433838, 0.9917914867401123, 1.0, 0.9948887228965759, 0.993865966796875, 0.9932498931884766, 0.9893096685409546, 0.9924566149711609, 0.9855703115463257, 0.981029212474823, 0.969763994216919, 0.9372867941856384, 0.9207311868667603, 0.9114881753921509, 0.8852651715278625, 0.886088490486145, 0.8594117164611816, 0.8567705154418945, 0.6629449725151062], [0.8350871801376343, 0.8505969643592834, 0.877444326877594, 0.9680953621864319, 0.9765186309814453, 0.9813089966773987, 0.9852198362350464, 0.9798040986061096, 0.9889816641807556, 0.9935066103935242, 0.9948887228965759, 1.0, 0.9990443587303162, 0.9982851147651672, 0.995060384273529, 0.9946391582489014, 0.9884558916091919, 0.9816504120826721, 0.9671117663383484, 0.9303674697875977, 0.9122265577316284, 0.9039164185523987, 0.8765050172805786, 0.8776013851165771, 0.8515294790267944, 0.8515138030052185, 0.6633208990097046], [0.8326928019523621, 0.8482548594474792, 0.8756640553474426, 0.9656966924667358, 0.9742274284362793, 0.9799728393554688, 0.9846803545951843, 0.9801461100578308, 0.9888455271720886, 0.9936619400978088, 0.993865966796875, 0.9990443587303162, 1.0, 0.9991007447242737, 0.9964113235473633, 0.9957395792007446, 0.9893319010734558, 0.9823070168495178, 0.9677671790122986, 0.9304050207138062, 0.9124138355255127, 0.9042860269546509, 0.8767380118370056, 0.8778656721115112, 0.8515990376472473, 0.8519994616508484, 0.6629691123962402], [0.8297562003135681, 0.8450177907943726, 0.8721883296966553, 0.9616142511367798, 0.970116138458252, 0.9755221009254456, 0.9804109930992126, 0.9749351143836975, 0.9847524762153625, 0.9909812808036804, 0.9932498931884766, 0.9982851147651672, 0.9991007447242737, 1.0, 0.9955164194107056, 0.9958332180976868, 0.9899203777313232, 0.98348468542099, 0.9693243503570557, 0.9329900741577148, 0.9151408672332764, 0.9068415760993958, 0.8794739842414856, 0.8806110620498657, 0.8535193204879761, 0.8534315824508667, 0.6640418171882629], [0.8218384981155396, 0.8384648561477661, 0.8671184778213501, 0.9615173935890198, 0.970930278301239, 0.9768283367156982, 0.9819038510322571, 0.9788976907730103, 0.9885402917861938, 0.9913951754570007, 0.9893096685409546, 0.995060384273529, 0.9964113235473633, 0.9955164194107056, 1.0, 0.9965776801109314, 0.9882270097732544, 0.9804043173789978, 0.9663271307945251, 0.9264003038406372, 0.9086688160896301, 0.9016879200935364, 0.8729471564292908, 0.874165415763855, 0.8503455519676208, 0.8510472774505615, 0.6726720333099365], [0.8372476696968079, 0.8509661555290222, 