{
  "gpt-oss-20b": {
    "model": "openai/gpt-oss-20b",
    "n_layers": 23,
    "d_model": 2880,
    "lens_n_prompts": 457,
    "blockiness_full": 0.20957775879974627,
    "cuts_full": [
      13,
      20
    ],
    "blockiness_subsampled": 0.04093272173901785,
    "cuts_subsampled": [
      7,
      9
    ],
    "n_subsampled": 12,
    "inflation": -0.16864503706072842
  },
  "qwen3.5-27b": {
    "model": "Qwen/Qwen3.5-27B",
    "n_layers": 63,
    "d_model": 5120,
    "lens_n_prompts": 672,
    "blockiness_full": 0.2670485147845143,
    "cuts_full": [
      15,
      50
    ],
    "blockiness_subsampled": 0.2685499629291561,
    "cuts_subsampled": [
      3,
      10
    ],
    "n_subsampled": 12,
    "inflation": 0.0015014481446418149
  }
}