{
  "pythia-70m": {
    "model": "EleutherAI/pythia-70m-deduped",
    "n_layers": 5,
    "d_model": 512,
    "lens_n_prompts": 1000,
    "blockiness_full": NaN,
    "cuts_full": null,
    "blockiness_subsampled": NaN,
    "cuts_subsampled": null,
    "n_subsampled": 5,
    "inflation": null
  },
  "qwen3-1.7b": {
    "model": "Qwen/Qwen3-1.7B",
    "n_layers": 27,
    "d_model": 2048,
    "lens_n_prompts": 466,
    "blockiness_full": 0.18085200798445522,
    "cuts_full": [
      1,
      26
    ],
    "blockiness_subsampled": 0.11061179637908936,
    "cuts_subsampled": [
      2,
      10
    ],
    "n_subsampled": 12,
    "inflation": -0.07024021160536587
  },
  "qwen3-4b": {
    "model": "Qwen/Qwen3-4B",
    "n_layers": 35,
    "d_model": 2560,
    "lens_n_prompts": 479,
    "blockiness_full": 0.10618910671323112,
    "cuts_full": [
      1,
      3
    ],
    "blockiness_subsampled": 0.11653432024627175,
    "cuts_subsampled": [
      1,
      2
    ],
    "n_subsampled": 12,
    "inflation": 0.010345213533040631
  },
  "olmo-3-7b": {
    "model": "allenai/Olmo-3-1025-7B",
    "n_layers": 31,
    "d_model": 4096,
    "lens_n_prompts": 616,
    "blockiness_full": 0.20157578928553643,
    "cuts_full": [
      18,
      30
    ],
    "blockiness_subsampled": 0.13349818298462734,
    "cuts_subsampled": [
      10,
      11
    ],
    "n_subsampled": 12,
    "inflation": -0.06807760630090909
  },
  "qwen3-8b": {
    "model": "Qwen/Qwen3-8B",
    "n_layers": 35,
    "d_model": 4096,
    "lens_n_prompts": 461,
    "blockiness_full": 0.30189863939890194,
    "cuts_full": [
      23,
      34
    ],
    "blockiness_subsampled": 0.11344935522451027,
    "cuts_subsampled": [
      4,
      10
    ],
    "n_subsampled": 12,
    "inflation": -0.18844928417439166
  },
  "qwen3-14b": {
    "model": "Qwen/Qwen3-14B",
    "n_layers": 39,
    "d_model": 5120,
    "lens_n_prompts": 615,
    "blockiness_full": 0.31731614017104903,
    "cuts_full": [
      26,
      38
    ],
    "blockiness_subsampled": 0.23488860093983244,
    "cuts_subsampled": [
      9,
      10
    ],
    "n_subsampled": 12,
    "inflation": -0.0824275392312166
  }
}