{
  "j_lens": {
    "next_acc": {
      "0": 0.0,
      "1": 0.0005252100840336134,
      "2": 0.0007878151260504202,
      "3": 0.0015756302521008404,
      "4": 0.0010504201680672268,
      "5": 0.0007878151260504202,
      "6": 0.0013130252100840337,
      "7": 0.0007878151260504202,
      "8": 0.0013130252100840337,
      "9": 0.0023634453781512603,
      "10": 0.0023634453781512603,
      "11": 0.0034138655462184874,
      "12": 0.0023634453781512603,
      "13": 0.003939075630252101,
      "14": 0.0031512605042016808,
      "15": 0.003939075630252101,
      "16": 0.007615546218487395,
      "17": 0.016281512605042018,
      "18": 0.029936974789915968,
      "19": 0.0546218487394958,
      "20": 0.07484243697478991,
      "21": 0.13839285714285715,
      "22": 0.17620798319327732,
      "23": 0.20404411764705882,
      "24": 0.23214285714285715,
      "25": 0.27494747899159666,
      "26": 0.34112394957983194
    },
    "echo": {
      "0": 0.23949579831932774,
      "1": 0.25971638655462187,
      "2": 0.24080882352941177,
      "3": 0.2933298319327731,
      "4": 0.2804621848739496,
      "5": 0.22846638655462184,
      "6": 0.2342436974789916,
      "7": 0.22268907563025211,
      "8": 0.21743697478991597,
      "9": 0.23240546218487396,
      "10": 0.19248949579831934,
      "11": 0.20745798319327732,
      "12": 0.20378151260504201,
      "13": 0.1948529411764706,
      "14": 0.19301470588235295,
      "15": 0.18067226890756302,
      "16": 0.17305672268907563,
      "17": 0.14915966386554622,
      "18": 0.13707983193277312,
      "19": 0.1402310924369748,
      "20": 0.11869747899159663,
      "21": 0.05357142857142857,
      "22": 0.04070378151260504,
      "23": 0.045168067226890755,
      "24": 0.03597689075630252,
      "25": 0.02389705882352941,
      "26": 0.010241596638655462
    }
  },
  "logit_lens": {
    "next_acc": {
      "0": 0.003676470588235294,
      "1": 0.010241596638655462,
      "2": 0.010241596638655462,
      "3": 0.008928571428571428,
      "4": 0.014180672268907563,
      "5": 0.018644957983193277,
      "6": 0.0273109243697479,
      "7": 0.03177521008403361,
      "8": 0.03413865546218487,
      "9": 0.03203781512605042,
      "10": 0.03755252100840336,
      "11": 0.03413865546218487,
      "12": 0.038340336134453784,
      "13": 0.045168067226890755,
      "14": 0.05042016806722689,
      "15": 0.058298319327731093,
      "16": 0.059873949579831935,
      "17": 0.07615546218487394,
      "18": 0.10714285714285714,
      "19": 0.12867647058823528,
      "20": 0.14968487394957983,
      "21": 0.19275210084033614,
      "22": 0.23792016806722688,
      "23": 0.2710084033613445,
      "24": 0.2935924369747899,
      "25": 0.3272058823529412,
      "26": 0.3560924369747899
    },
    "echo": {
      "0": 0.08455882352941177,
      "1": 0.012867647058823529,
      "2": 0.005777310924369748,
      "3": 0.006565126050420168,
      "4": 0.003939075630252101,
      "5": 0.002888655462184874,
      "6": 0.0026260504201680674,
      "7": 0.0026260504201680674,
      "8": 0.0026260504201680674,
      "9": 0.001838235294117647,
      "10": 0.0031512605042016808,
      "11": 0.0015756302521008404,
      "12": 0.0023634453781512603,
      "13": 0.0021008403361344537,
      "14": 0.001838235294117647,
      "15": 0.0034138655462184874,
      "16": 0.0021008403361344537,
      "17": 0.001838235294117647,
      "18": 0.0013130252100840337,
      "19": 0.001838235294117647,
      "20": 0.003939075630252101,
      "21": 0.007615546218487395,
      "22": 0.009716386554621849,
      "23": 0.01365546218487395,
      "24": 0.011029411764705883,
      "25": 0.011817226890756302,
      "26": 0.010241596638655462
    }
  }
}